{
    "loss": 2.733816385269165,
    "accuracy": 0.8362069129943848
}